<?xml version="1.0" encoding="utf-8" ?>
<install method="upgrade" type="language" client="both" version="1.5">
  <name>Seminar</name>
	<version>1.3.0</version>
	<tag>nl-NL</tag>
	<creationDate>16-10-2009</creationDate>
	<author>Matthijs Alles</author>
	<authorEmail>info@bixie.nl</authorEmail>
	<authorUrl>http://www.bixie.org</authorUrl>
	<copyright>Bixie 2009</copyright>
  <license>http://www.gnu.org/licenses/gpl-2.0.html</license>

  <description>
  <![CDATA[
  <img src="../components/com_seminar/images/menulogo.png" valign="middle"><font size="+1" color="#0B55C4"> Seminar Sprachpaket</font>
  <div align="center"><table border="0" width="90%"><tbody>
  <tr><td width="18%"><b>Sprache:</b></td><td width="80%">Niederländisch - Nederlands</td></tr>
  <tr><td width="18%"><b>Autor:</b></td><td width="80%">Matthijs Alles</td></tr>
  <tr><td width="18%"><b>Webseite:</b></td><td width="80%"><a target="_blank" href="http://seminar.vollmar.ws">http://seminar.vollmar.ws</a></td></tr>
  <tr><td width="18%"><b>Version:</b></td><td width="80%">1.30</td></tr>
  </tbody></table></div>
  ]]>
  </description>

  <administration>
    <files folder="admin">
      <filename>nl-NL.com_seminar.ini</filename>
      <filename>nl-NL.com_seminar.menu.ini</filename>
    </files>
  </administration>
  
  <site>
    <files folder="site">
      <filename>nl-NL.com_seminar.ini</filename>
    </files>
  </site>

</install>
