<?xml version="1.0" encoding="utf-8" ?>
<install method="upgrade" type="language" client="both" version="1.5">
  <tag>da-DK</tag>
  <name>Seminar</name>
  <creationDate>2009-12-15</creationDate>
  <author>Dirk Vollmar</author>
  <copyright>(C) 2009 Dirk Vollmar.</copyright>
  <license>http://www.gnu.org/licenses/gpl.html</license>
  <authorEmail>seminar@vollmar.ws</authorEmail>
  <authorUrl>http://seminar.vollmar.ws</authorUrl>
  <version>1.3.0</version>
  <license>http://www.gnu.org/licenses/gpl-2.0.html</license>

  <description>
  <![CDATA[
  <img src="../components/com_seminar/images/menulogo.png" valign="middle"><font size="+1" color="#0B55C4"> Seminar Sprachpaket</font>
  <div align="center"><table border="0" width="90%"><tbody>
  <tr><td width="18%"><b>Sprache:</b></td><td width="80%">Dänisch - Dansk</td></tr>
  <tr><td width="18%"><b>Autor:</b></td><td width="80%">Niels Ezerman</td></tr>
  <tr><td width="18%"><b>Webseite:</b></td><td width="80%"><a target="_blank" href="http://www.netech.dk">http://www.netech.dk</a></td></tr>
  <tr><td width="18%"><b>Version:</b></td><td width="80%">1.3.0</td></tr>
  </tbody></table></div>
  ]]>
  </description>

  <administration>
    <files folder="admin">
      <filename>da-DK.com_seminar.ini</filename>
      <filename>da-DK.com_seminar.menu.ini</filename>
    </files>
  </administration>
  
  <site>
    <files folder="site">
      <filename>da-DK.com_seminar.ini</filename>
    </files>
  </site>

</install>
